,titre,date,commentaire,lien,texte
0,"Oniri Islands, un jeu Â«Swiss madeÂ» Ã  glisser sous le sapin",2018-12-20T01:12:40+01:00,0,https://blogs.letemps.ch/yannick-rochat/2018/12/20/oniri-islands-un-jeu-swiss-made-a-glisser-sous-le-sapin/,"[['Câ€™est un trÃ¨s beau projet que celui de Tourmaline, un studio genevois qui sortait fin novembre ', 'Oniri Islands', ', un jeu hybride faisant se rencontrer figurines et tablettes, solide et dÃ©matÃ©rialisÃ©. Le jeu invite en effet Ã  manipuler deux personnages sur la surface de lâ€™Ã©cran afin de rÃ©soudre collaborativement des Ã©nigmes et avancer dans lâ€™exploration. Le principe est simple, mais relativement peu rÃ©pandu, et il fonctionne ici Ã  merveille.'], ['Dans lâ€™interview ci-dessous menÃ©e avec Camille Attard (en charge de la production et du\xa0', 'game design', ' du jeu), les rÃ©ponses sont gÃ©nÃ©reuses et je la remercie pour le temps consacrÃ© Ã  fournir ces explications dÃ©taillÃ©es. Elle dÃ©voile des aspects du dÃ©veloppement et de la commercialisation du jeu, ce qui est apprÃ©ciable et pourra servir celles et ceux voulant peut-Ãªtre se lancer dans une telle expÃ©rience.'], ['Pour dÃ©couvrir le trajet parcouru ces deux derniÃ¨res annÃ©es, vous pouvez notamment consulter ', 'un premier billet rÃ©digÃ© en avril 2017', ', Ã  lâ€™Ã©poque de la campagne de financement participatif pour le jeu.'], ['\xa0'], ['On the island, Tim and Mina need to combine their animal power to progress through the mysterious forest. Use the right power for the right situation! ğŸ¦ˆğŸ¦…', '#Oniri', ' ', '#Adventure', ' ', '#Coop', ' ', '#2players', ' ', '#Puzzle', ' ', '#IndieGame', ' ', '#Swissgames', ' ', '#ToystoLife', ' ', 'pic.twitter.com/rUTFK2lxZq'], ['â€” Oniri Islands (@Oniri_Islands) ', 'December 3, 2018'], [], ['\xa0'], [' ', '(suiteâ€¦)'], ['Lire la suite']]"
1,CinÃ©ma et jeu vidÃ©o : sortie du livre Â«Â La camÃ©ra imaginaireÂ Â» de Selim Krichane,2018-12-14T01:10:38+01:00,0,https://blogs.letemps.ch/yannick-rochat/2018/12/14/cinema-et-jeu-video-sortie-du-livre-la-camera-imaginaire-de-selim-krichane/,"[['Câ€™est un trÃ¨s beau projet que celui de Tourmaline, un studio genevois qui sortait fin novembre ', 'Oniri Islands', ', un jeu hybride faisant se rencontrer figurines et tablettes, solide et dÃ©matÃ©rialisÃ©. Le jeu invite en effet Ã  manipuler deux personnages sur la surface de lâ€™Ã©cran afin de rÃ©soudre collaborativement des Ã©nigmes et avancer dans lâ€™exploration. Le principe est simple, mais relativement peu rÃ©pandu, et il fonctionne ici Ã  merveille.'], ['Dans lâ€™interview ci-dessous menÃ©e avec Camille Attard (en charge de la production et du\xa0', 'game design', ' du jeu), les rÃ©ponses sont gÃ©nÃ©reuses et je la remercie pour le temps consacrÃ© Ã  fournir ces explications dÃ©taillÃ©es. Elle dÃ©voile des aspects du dÃ©veloppement et de la commercialisation du jeu, ce qui est apprÃ©ciable et pourra servir celles et ceux voulant peut-Ãªtre se lancer dans une telle expÃ©rience.'], ['Pour dÃ©couvrir le trajet parcouru ces deux derniÃ¨res annÃ©es, vous pouvez notamment consulter ', 'un premier billet rÃ©digÃ© en avril 2017', ', Ã  lâ€™Ã©poque de la campagne de financement participatif pour le jeu.'], ['\xa0'], ['On the island, Tim and Mina need to combine their animal power to progress through the mysterious forest. Use the right power for the right situation! ğŸ¦ˆğŸ¦…', '#Oniri', ' ', '#Adventure', ' ', '#Coop', ' ', '#2players', ' ', '#Puzzle', ' ', '#IndieGame', ' ', '#Swissgames', ' ', '#ToystoLife', ' ', 'pic.twitter.com/rUTFK2lxZq'], ['â€” Oniri Islands (@Oniri_Islands) ', 'December 3, 2018'], [], ['\xa0'], [' ', '(suiteâ€¦)'], ['Lire la suite']]"
2,Cours public Ã  lâ€™UniversitÃ© de Lausanne : reprÃ©senter lâ€™histoire dans un jeu vidÃ©o,2018-04-17T17:39:15+01:00,0,https://blogs.letemps.ch/yannick-rochat/2018/04/17/cours-public-a-luniversite-de-lausanne-representer-lhistoire-dans-un-jeu-video/,"[['Câ€™est un trÃ¨s beau projet que celui de Tourmaline, un studio genevois qui sortait fin novembre ', 'Oniri Islands', ', un jeu hybride faisant se rencontrer figurines et tablettes, solide et dÃ©matÃ©rialisÃ©. Le jeu invite en effet Ã  manipuler deux personnages sur la surface de lâ€™Ã©cran afin de rÃ©soudre collaborativement des Ã©nigmes et avancer dans lâ€™exploration. Le principe est simple, mais relativement peu rÃ©pandu, et il fonctionne ici Ã  merveille.'], ['Dans lâ€™interview ci-dessous menÃ©e avec Camille Attard (en charge de la production et du\xa0', 'game design', ' du jeu), les rÃ©ponses sont gÃ©nÃ©reuses et je la remercie pour le temps consacrÃ© Ã  fournir ces explications dÃ©taillÃ©es. Elle dÃ©voile des aspects du dÃ©veloppement et de la commercialisation du jeu, ce qui est apprÃ©ciable et pourra servir celles et ceux voulant peut-Ãªtre se lancer dans une telle expÃ©rience.'], ['Pour dÃ©couvrir le trajet parcouru ces deux derniÃ¨res annÃ©es, vous pouvez notamment consulter ', 'un premier billet rÃ©digÃ© en avril 2017', ', Ã  lâ€™Ã©poque de la campagne de financement participatif pour le jeu.'], ['\xa0'], ['On the island, Tim and Mina need to combine their animal power to progress through the mysterious forest. Use the right power for the right situation! ğŸ¦ˆğŸ¦…', '#Oniri', ' ', '#Adventure', ' ', '#Coop', ' ', '#2players', ' ', '#Puzzle', ' ', '#IndieGame', ' ', '#Swissgames', ' ', '#ToystoLife', ' ', 'pic.twitter.com/rUTFK2lxZq'], ['â€” Oniri Islands (@Oniri_Islands) ', 'December 3, 2018'], [], ['\xa0'], [' ', '(suiteâ€¦)'], ['Lire la suite']]"
3,"En Suisse, le jeu vidÃ©o sur tous les fronts",2018-03-21T16:29:53+01:00,0,https://blogs.letemps.ch/yannick-rochat/2018/03/21/en-suisse-le-jeu-video-sur-tous-les-fronts/,"[['Câ€™est un trÃ¨s beau projet que celui de Tourmaline, un studio genevois qui sortait fin novembre ', 'Oniri Islands', ', un jeu hybride faisant se rencontrer figurines et tablettes, solide et dÃ©matÃ©rialisÃ©. Le jeu invite en effet Ã  manipuler deux personnages sur la surface de lâ€™Ã©cran afin de rÃ©soudre collaborativement des Ã©nigmes et avancer dans lâ€™exploration. Le principe est simple, mais relativement peu rÃ©pandu, et il fonctionne ici Ã  merveille.'], ['Dans lâ€™interview ci-dessous menÃ©e avec Camille Attard (en charge de la production et du\xa0', 'game design', ' du jeu), les rÃ©ponses sont gÃ©nÃ©reuses et je la remercie pour le temps consacrÃ© Ã  fournir ces explications dÃ©taillÃ©es. Elle dÃ©voile des aspects du dÃ©veloppement et de la commercialisation du jeu, ce qui est apprÃ©ciable et pourra servir celles et ceux voulant peut-Ãªtre se lancer dans une telle expÃ©rience.'], ['Pour dÃ©couvrir le trajet parcouru ces deux derniÃ¨res annÃ©es, vous pouvez notamment consulter ', 'un premier billet rÃ©digÃ© en avril 2017', ', Ã  lâ€™Ã©poque de la campagne de financement participatif pour le jeu.'], ['\xa0'], ['On the island, Tim and Mina need to combine their animal power to progress through the mysterious forest. Use the right power for the right situation! ğŸ¦ˆğŸ¦…', '#Oniri', ' ', '#Adventure', ' ', '#Coop', ' ', '#2players', ' ', '#Puzzle', ' ', '#IndieGame', ' ', '#Swissgames', ' ', '#ToystoLife', ' ', 'pic.twitter.com/rUTFK2lxZq'], ['â€” Oniri Islands (@Oniri_Islands) ', 'December 3, 2018'], [], ['\xa0'], [' ', '(suiteâ€¦)'], ['Lire la suite']]"
4,De retour Ã  San Francisco pour couvrir la Game Developers Conference,2018-03-17T16:46:35+01:00,0,https://blogs.letemps.ch/yannick-rochat/2018/03/17/de-retour-a-san-francisco-pour-couvrir-la-game-developers-conference/,"[['Câ€™est un trÃ¨s beau projet que celui de Tourmaline, un studio genevois qui sortait fin novembre ', 'Oniri Islands', ', un jeu hybride faisant se rencontrer figurines et tablettes, solide et dÃ©matÃ©rialisÃ©. Le jeu invite en effet Ã  manipuler deux personnages sur la surface de lâ€™Ã©cran afin de rÃ©soudre collaborativement des Ã©nigmes et avancer dans lâ€™exploration. Le principe est simple, mais relativement peu rÃ©pandu, et il fonctionne ici Ã  merveille.'], ['Dans lâ€™interview ci-dessous menÃ©e avec Camille Attard (en charge de la production et du\xa0', 'game design', ' du jeu), les rÃ©ponses sont gÃ©nÃ©reuses et je la remercie pour le temps consacrÃ© Ã  fournir ces explications dÃ©taillÃ©es. Elle dÃ©voile des aspects du dÃ©veloppement et de la commercialisation du jeu, ce qui est apprÃ©ciable et pourra servir celles et ceux voulant peut-Ãªtre se lancer dans une telle expÃ©rience.'], ['Pour dÃ©couvrir le trajet parcouru ces deux derniÃ¨res annÃ©es, vous pouvez notamment consulter ', 'un premier billet rÃ©digÃ© en avril 2017', ', Ã  lâ€™Ã©poque de la campagne de financement participatif pour le jeu.'], ['\xa0'], ['On the island, Tim and Mina need to combine their animal power to progress through the mysterious forest. Use the right power for the right situation! ğŸ¦ˆğŸ¦…', '#Oniri', ' ', '#Adventure', ' ', '#Coop', ' ', '#2players', ' ', '#Puzzle', ' ', '#IndieGame', ' ', '#Swissgames', ' ', '#ToystoLife', ' ', 'pic.twitter.com/rUTFK2lxZq'], ['â€” Oniri Islands (@Oniri_Islands) ', 'December 3, 2018'], [], ['\xa0'], [' ', '(suiteâ€¦)'], ['Lire la suite']]"
5,"San Francisco, dâ€™oÃ¹ les jeux vidÃ©o suisses partent Ã  la dÃ©couverte du monde",2017-12-26T22:44:20+01:00,0,https://blogs.letemps.ch/yannick-rochat/2017/12/26/san-francisco-dou-les-jeux-video-suisses-partent-a-la-decouverte-du-monde/,"[['Câ€™est un trÃ¨s beau projet que celui de Tourmaline, un studio genevois qui sortait fin novembre ', 'Oniri Islands', ', un jeu hybride faisant se rencontrer figurines et tablettes, solide et dÃ©matÃ©rialisÃ©. Le jeu invite en effet Ã  manipuler deux personnages sur la surface de lâ€™Ã©cran afin de rÃ©soudre collaborativement des Ã©nigmes et avancer dans lâ€™exploration. Le principe est simple, mais relativement peu rÃ©pandu, et il fonctionne ici Ã  merveille.'], ['Dans lâ€™interview ci-dessous menÃ©e avec Camille Attard (en charge de la production et du\xa0', 'game design', ' du jeu), les rÃ©ponses sont gÃ©nÃ©reuses et je la remercie pour le temps consacrÃ© Ã  fournir ces explications dÃ©taillÃ©es. Elle dÃ©voile des aspects du dÃ©veloppement et de la commercialisation du jeu, ce qui est apprÃ©ciable et pourra servir celles et ceux voulant peut-Ãªtre se lancer dans une telle expÃ©rience.'], ['Pour dÃ©couvrir le trajet parcouru ces deux derniÃ¨res annÃ©es, vous pouvez notamment consulter ', 'un premier billet rÃ©digÃ© en avril 2017', ', Ã  lâ€™Ã©poque de la campagne de financement participatif pour le jeu.'], ['\xa0'], ['On the island, Tim and Mina need to combine their animal power to progress through the mysterious forest. Use the right power for the right situation! ğŸ¦ˆğŸ¦…', '#Oniri', ' ', '#Adventure', ' ', '#Coop', ' ', '#2players', ' ', '#Puzzle', ' ', '#IndieGame', ' ', '#Swissgames', ' ', '#ToystoLife', ' ', 'pic.twitter.com/rUTFK2lxZq'], ['â€” Oniri Islands (@Oniri_Islands) ', 'December 3, 2018'], [], ['\xa0'], [' ', '(suiteâ€¦)'], ['Lire la suite']]"
6,Terrifier ses amis nâ€™a jamais Ã©tÃ© aussi amusant,2017-11-23T11:26:19+01:00,0,https://blogs.letemps.ch/yannick-rochat/2017/11/23/terrifier-ses-amis-na-jamais-ete-aussi-amusant/,"[['Câ€™est un trÃ¨s beau projet que celui de Tourmaline, un studio genevois qui sortait fin novembre ', 'Oniri Islands', ', un jeu hybride faisant se rencontrer figurines et tablettes, solide et dÃ©matÃ©rialisÃ©. Le jeu invite en effet Ã  manipuler deux personnages sur la surface de lâ€™Ã©cran afin de rÃ©soudre collaborativement des Ã©nigmes et avancer dans lâ€™exploration. Le principe est simple, mais relativement peu rÃ©pandu, et il fonctionne ici Ã  merveille.'], ['Dans lâ€™interview ci-dessous menÃ©e avec Camille Attard (en charge de la production et du\xa0', 'game design', ' du jeu), les rÃ©ponses sont gÃ©nÃ©reuses et je la remercie pour le temps consacrÃ© Ã  fournir ces explications dÃ©taillÃ©es. Elle dÃ©voile des aspects du dÃ©veloppement et de la commercialisation du jeu, ce qui est apprÃ©ciable et pourra servir celles et ceux voulant peut-Ãªtre se lancer dans une telle expÃ©rience.'], ['Pour dÃ©couvrir le trajet parcouru ces deux derniÃ¨res annÃ©es, vous pouvez notamment consulter ', 'un premier billet rÃ©digÃ© en avril 2017', ', Ã  lâ€™Ã©poque de la campagne de financement participatif pour le jeu.'], ['\xa0'], ['On the island, Tim and Mina need to combine their animal power to progress through the mysterious forest. Use the right power for the right situation! ğŸ¦ˆğŸ¦…', '#Oniri', ' ', '#Adventure', ' ', '#Coop', ' ', '#2players', ' ', '#Puzzle', ' ', '#IndieGame', ' ', '#Swissgames', ' ', '#ToystoLife', ' ', 'pic.twitter.com/rUTFK2lxZq'], ['â€” Oniri Islands (@Oniri_Islands) ', 'December 3, 2018'], [], ['\xa0'], [' ', '(suiteâ€¦)'], ['Lire la suite']]"
7,"En Suisse, les jeux vidÃ©o de demain (vu de 2017)",2017-11-03T20:02:20+01:00,0,https://blogs.letemps.ch/yannick-rochat/2017/11/03/en-suisse-les-jeux-video-de-demain-vu-de-2017/,"[['Câ€™est un trÃ¨s beau projet que celui de Tourmaline, un studio genevois qui sortait fin novembre ', 'Oniri Islands', ', un jeu hybride faisant se rencontrer figurines et tablettes, solide et dÃ©matÃ©rialisÃ©. Le jeu invite en effet Ã  manipuler deux personnages sur la surface de lâ€™Ã©cran afin de rÃ©soudre collaborativement des Ã©nigmes et avancer dans lâ€™exploration. Le principe est simple, mais relativement peu rÃ©pandu, et il fonctionne ici Ã  merveille.'], ['Dans lâ€™interview ci-dessous menÃ©e avec Camille Attard (en charge de la production et du\xa0', 'game design', ' du jeu), les rÃ©ponses sont gÃ©nÃ©reuses et je la remercie pour le temps consacrÃ© Ã  fournir ces explications dÃ©taillÃ©es. Elle dÃ©voile des aspects du dÃ©veloppement et de la commercialisation du jeu, ce qui est apprÃ©ciable et pourra servir celles et ceux voulant peut-Ãªtre se lancer dans une telle expÃ©rience.'], ['Pour dÃ©couvrir le trajet parcouru ces deux derniÃ¨res annÃ©es, vous pouvez notamment consulter ', 'un premier billet rÃ©digÃ© en avril 2017', ', Ã  lâ€™Ã©poque de la campagne de financement participatif pour le jeu.'], ['\xa0'], ['On the island, Tim and Mina need to combine their animal power to progress through the mysterious forest. Use the right power for the right situation! ğŸ¦ˆğŸ¦…', '#Oniri', ' ', '#Adventure', ' ', '#Coop', ' ', '#2players', ' ', '#Puzzle', ' ', '#IndieGame', ' ', '#Swissgames', ' ', '#ToystoLife', ' ', 'pic.twitter.com/rUTFK2lxZq'], ['â€” Oniri Islands (@Oniri_Islands) ', 'December 3, 2018'], [], ['\xa0'], [' ', '(suiteâ€¦)'], ['Lire la suite']]"
8,"Une visite dâ€™Â«EnterÂ», musÃ©e de lâ€™information situÃ© Ã  Soleure",2017-10-22T22:30:56+01:00,0,https://blogs.letemps.ch/yannick-rochat/2017/10/22/une-visite-denter-musee-de-linformation-situe-a-soleure/,"[['Câ€™est un trÃ¨s beau projet que celui de Tourmaline, un studio genevois qui sortait fin novembre ', 'Oniri Islands', ', un jeu hybride faisant se rencontrer figurines et tablettes, solide et dÃ©matÃ©rialisÃ©. Le jeu invite en effet Ã  manipuler deux personnages sur la surface de lâ€™Ã©cran afin de rÃ©soudre collaborativement des Ã©nigmes et avancer dans lâ€™exploration. Le principe est simple, mais relativement peu rÃ©pandu, et il fonctionne ici Ã  merveille.'], ['Dans lâ€™interview ci-dessous menÃ©e avec Camille Attard (en charge de la production et du\xa0', 'game design', ' du jeu), les rÃ©ponses sont gÃ©nÃ©reuses et je la remercie pour le temps consacrÃ© Ã  fournir ces explications dÃ©taillÃ©es. Elle dÃ©voile des aspects du dÃ©veloppement et de la commercialisation du jeu, ce qui est apprÃ©ciable et pourra servir celles et ceux voulant peut-Ãªtre se lancer dans une telle expÃ©rience.'], ['Pour dÃ©couvrir le trajet parcouru ces deux derniÃ¨res annÃ©es, vous pouvez notamment consulter ', 'un premier billet rÃ©digÃ© en avril 2017', ', Ã  lâ€™Ã©poque de la campagne de financement participatif pour le jeu.'], ['\xa0'], ['On the island, Tim and Mina need to combine their animal power to progress through the mysterious forest. Use the right power for the right situation! ğŸ¦ˆğŸ¦…', '#Oniri', ' ', '#Adventure', ' ', '#Coop', ' ', '#2players', ' ', '#Puzzle', ' ', '#IndieGame', ' ', '#Swissgames', ' ', '#ToystoLife', ' ', 'pic.twitter.com/rUTFK2lxZq'], ['â€” Oniri Islands (@Oniri_Islands) ', 'December 3, 2018'], [], ['\xa0'], [' ', '(suiteâ€¦)'], ['Lire la suite']]"
9,Guy Parmelin Ã  lâ€™honneur du lancement officiel du jeu vidÃ©o suisse Opticale,2017-09-27T14:18:16+01:00,0,https://blogs.letemps.ch/yannick-rochat/2017/09/27/guy-parmelin-a-lhonneur-du-lancement-officiel-du-jeu-video-suisse-opticale/,"[['Câ€™est un trÃ¨s beau projet que celui de Tourmaline, un studio genevois qui sortait fin novembre ', 'Oniri Islands', ', un jeu hybride faisant se rencontrer figurines et tablettes, solide et dÃ©matÃ©rialisÃ©. Le jeu invite en effet Ã  manipuler deux personnages sur la surface de lâ€™Ã©cran afin de rÃ©soudre collaborativement des Ã©nigmes et avancer dans lâ€™exploration. Le principe est simple, mais relativement peu rÃ©pandu, et il fonctionne ici Ã  merveille.'], ['Dans lâ€™interview ci-dessous menÃ©e avec Camille Attard (en charge de la production et du\xa0', 'game design', ' du jeu), les rÃ©ponses sont gÃ©nÃ©reuses et je la remercie pour le temps consacrÃ© Ã  fournir ces explications dÃ©taillÃ©es. Elle dÃ©voile des aspects du dÃ©veloppement et de la commercialisation du jeu, ce qui est apprÃ©ciable et pourra servir celles et ceux voulant peut-Ãªtre se lancer dans une telle expÃ©rience.'], ['Pour dÃ©couvrir le trajet parcouru ces deux derniÃ¨res annÃ©es, vous pouvez notamment consulter ', 'un premier billet rÃ©digÃ© en avril 2017', ', Ã  lâ€™Ã©poque de la campagne de financement participatif pour le jeu.'], ['\xa0'], ['On the island, Tim and Mina need to combine their animal power to progress through the mysterious forest. Use the right power for the right situation! ğŸ¦ˆğŸ¦…', '#Oniri', ' ', '#Adventure', ' ', '#Coop', ' ', '#2players', ' ', '#Puzzle', ' ', '#IndieGame', ' ', '#Swissgames', ' ', '#ToystoLife', ' ', 'pic.twitter.com/rUTFK2lxZq'], ['â€” Oniri Islands (@Oniri_Islands) ', 'December 3, 2018'], [], ['\xa0'], [' ', '(suiteâ€¦)'], ['Lire la suite']]"
10,"Ã‰tudier le jeu vidÃ©o Ã  lâ€™UniversitÃ©, et pourquoi pas en sortir un pendant quâ€™on y est",2017-09-18T16:33:31+01:00,0,https://blogs.letemps.ch/yannick-rochat/2017/09/18/etudier-le-jeu-video-a-luniversite-et-pourquoi-pas-en-sortir-un-pendant-quon-y-est/,"[['Lâ€™UniversitÃ© de Lausanne fÃªte ', 'les 30 ans de lâ€™ouverture du BFSH2', ' (BÃ¢timent des FacultÃ©s de Sciences Humaines 2), briÃ¨vement renommÃ© Â«HumenseÂ» il y a dix ans et aujourdâ€™hui connu sous le nom dâ€™Anthropole. Pour cette occasion, la facultÃ© des lettres vient de dÃ©voiler un jeu gratuit â€“ ', 'DÃ©dalopole', ' â€“ faisant rÃ©fÃ©rence au bÃ¢timent et Ã  son architecture.'], [' ', '(suiteâ€¦)'], ['Lire la suite']]"
11,Le millÃ©sime 2017 des jeux vidÃ©o suisses prÃ©sentÃ©s Ã  la Gamescom,2017-09-16T10:15:27+01:00,0,https://blogs.letemps.ch/yannick-rochat/2017/09/16/le-millesime-2017-des-jeux-video-suisses-presentes-a-la-gamescom/,"[['Lâ€™UniversitÃ© de Lausanne fÃªte ', 'les 30 ans de lâ€™ouverture du BFSH2', ' (BÃ¢timent des FacultÃ©s de Sciences Humaines 2), briÃ¨vement renommÃ© Â«HumenseÂ» il y a dix ans et aujourdâ€™hui connu sous le nom dâ€™Anthropole. Pour cette occasion, la facultÃ© des lettres vient de dÃ©voiler un jeu gratuit â€“ ', 'DÃ©dalopole', ' â€“ faisant rÃ©fÃ©rence au bÃ¢timent et Ã  son architecture.'], [' ', '(suiteâ€¦)'], ['Lire la suite']]"
12,Quand Angela Merkel fait campagne avec un jeu vidÃ©o suisse,2017-08-25T10:55:44+01:00,0,https://blogs.letemps.ch/yannick-rochat/2017/08/25/quand-angela-merkel-fait-campagne-avec-un-jeu-video-suisse/,"[['Lâ€™UniversitÃ© de Lausanne fÃªte ', 'les 30 ans de lâ€™ouverture du BFSH2', ' (BÃ¢timent des FacultÃ©s de Sciences Humaines 2), briÃ¨vement renommÃ© Â«HumenseÂ» il y a dix ans et aujourdâ€™hui connu sous le nom dâ€™Anthropole. Pour cette occasion, la facultÃ© des lettres vient de dÃ©voiler un jeu gratuit â€“ ', 'DÃ©dalopole', ' â€“ faisant rÃ©fÃ©rence au bÃ¢timent et Ã  son architecture.'], [' ', '(suiteâ€¦)'], ['Lire la suite']]"
13,Les Numerik Games reviennent ce week-end pour leur seconde Ã©dition,2017-08-22T01:05:23+01:00,1,https://blogs.letemps.ch/yannick-rochat/2017/08/22/les-numerik-games-reviennent-ce-week-end-pour-leur-seconde-edition/,"[['Lâ€™UniversitÃ© de Lausanne fÃªte ', 'les 30 ans de lâ€™ouverture du BFSH2', ' (BÃ¢timent des FacultÃ©s de Sciences Humaines 2), briÃ¨vement renommÃ© Â«HumenseÂ» il y a dix ans et aujourdâ€™hui connu sous le nom dâ€™Anthropole. Pour cette occasion, la facultÃ© des lettres vient de dÃ©voiler un jeu gratuit â€“ ', 'DÃ©dalopole', ' â€“ faisant rÃ©fÃ©rence au bÃ¢timent et Ã  son architecture.'], [' ', '(suiteâ€¦)'], ['Lire la suite']]"
14,En visite au LUDOV (UniversitÃ© de MontrÃ©al),2017-08-09T00:16:59+01:00,0,https://blogs.letemps.ch/yannick-rochat/2017/08/09/en-visite-au-ludov-universite-de-montreal/,"[['Lâ€™UniversitÃ© de Lausanne fÃªte ', 'les 30 ans de lâ€™ouverture du BFSH2', ' (BÃ¢timent des FacultÃ©s de Sciences Humaines 2), briÃ¨vement renommÃ© Â«HumenseÂ» il y a dix ans et aujourdâ€™hui connu sous le nom dâ€™Anthropole. Pour cette occasion, la facultÃ© des lettres vient de dÃ©voiler un jeu gratuit â€“ ', 'DÃ©dalopole', ' â€“ faisant rÃ©fÃ©rence au bÃ¢timent et Ã  son architecture.'], [' ', '(suiteâ€¦)'], ['Lire la suite']]"
15,[3b/3] The ZHdK games showcased at Gamescom 2016,2017-06-23T19:49:58+01:00,0,https://blogs.letemps.ch/yannick-rochat/2017/06/23/3b3-the-zhdk-games-showcased-at-gamescom-2016/,"[['Lâ€™UniversitÃ© de Lausanne fÃªte ', 'les 30 ans de lâ€™ouverture du BFSH2', ' (BÃ¢timent des FacultÃ©s de Sciences Humaines 2), briÃ¨vement renommÃ© Â«HumenseÂ» il y a dix ans et aujourdâ€™hui connu sous le nom dâ€™Anthropole. Pour cette occasion, la facultÃ© des lettres vient de dÃ©voiler un jeu gratuit â€“ ', 'DÃ©dalopole', ' â€“ faisant rÃ©fÃ©rence au bÃ¢timent et Ã  son architecture.'], [' ', '(suiteâ€¦)'], ['Lire la suite']]"
16,[3a/3] The ZHdK VR games showcased at Gamescom 2016,2017-06-23T19:49:46+01:00,0,https://blogs.letemps.ch/yannick-rochat/2017/06/23/3a3-the-zhdk-vr-games-showcased-at-gamescom-2016/,"[['Lâ€™UniversitÃ© de Lausanne fÃªte ', 'les 30 ans de lâ€™ouverture du BFSH2', ' (BÃ¢timent des FacultÃ©s de Sciences Humaines 2), briÃ¨vement renommÃ© Â«HumenseÂ» il y a dix ans et aujourdâ€™hui connu sous le nom dâ€™Anthropole. Pour cette occasion, la facultÃ© des lettres vient de dÃ©voiler un jeu gratuit â€“ ', 'DÃ©dalopole', ' â€“ faisant rÃ©fÃ©rence au bÃ¢timent et Ã  son architecture.'], [' ', '(suiteâ€¦)'], ['Lire la suite']]"
17,Le soutien financier de la Suisse au jeu vidÃ©o va tripler,2017-06-16T14:33:27+01:00,0,https://blogs.letemps.ch/yannick-rochat/2017/06/16/le-soutien-financier-de-la-suisse-au-jeu-video-va-tripler/,"[['Lâ€™UniversitÃ© de Lausanne fÃªte ', 'les 30 ans de lâ€™ouverture du BFSH2', ' (BÃ¢timent des FacultÃ©s de Sciences Humaines 2), briÃ¨vement renommÃ© Â«HumenseÂ» il y a dix ans et aujourdâ€™hui connu sous le nom dâ€™Anthropole. Pour cette occasion, la facultÃ© des lettres vient de dÃ©voiler un jeu gratuit â€“ ', 'DÃ©dalopole', ' â€“ faisant rÃ©fÃ©rence au bÃ¢timent et Ã  son architecture.'], [' ', '(suiteâ€¦)'], ['Lire la suite']]"
18,Jeux vidÃ©o suisses : Ã©tat des lieux (2012-2017),2017-05-01T08:27:56+01:00,0,https://blogs.letemps.ch/yannick-rochat/2017/05/01/jeux-video-suisses-etat-des-lieux-2012-2017/,"[['Lâ€™UniversitÃ© de Lausanne fÃªte ', 'les 30 ans de lâ€™ouverture du BFSH2', ' (BÃ¢timent des FacultÃ©s de Sciences Humaines 2), briÃ¨vement renommÃ© Â«HumenseÂ» il y a dix ans et aujourdâ€™hui connu sous le nom dâ€™Anthropole. Pour cette occasion, la facultÃ© des lettres vient de dÃ©voiler un jeu gratuit â€“ ', 'DÃ©dalopole', ' â€“ faisant rÃ©fÃ©rence au bÃ¢timent et Ã  son architecture.'], [' ', '(suiteâ€¦)'], ['Lire la suite']]"
19,"Quelques questions posÃ©es Ã  Tim Schafer (Day of the Tentacle, Full Throttle)",2017-04-19T19:18:53+01:00,3,https://blogs.letemps.ch/yannick-rochat/2017/04/19/quelques-questions-posees-a-tim-schafer-day-of-the-tentacle-full-throttle/,"[['Lâ€™UniversitÃ© de Lausanne fÃªte ', 'les 30 ans de lâ€™ouverture du BFSH2', ' (BÃ¢timent des FacultÃ©s de Sciences Humaines 2), briÃ¨vement renommÃ© Â«HumenseÂ» il y a dix ans et aujourdâ€™hui connu sous le nom dâ€™Anthropole. Pour cette occasion, la facultÃ© des lettres vient de dÃ©voiler un jeu gratuit â€“ ', 'DÃ©dalopole', ' â€“ faisant rÃ©fÃ©rence au bÃ¢timent et Ã  son architecture.'], [' ', '(suiteâ€¦)'], ['Lire la suite']]"
20,"Aidez Oniri Islands, un beau jeu collaboratif en pleine rÃ©colte de fonds !",2017-04-11T08:01:11+01:00,1,https://blogs.letemps.ch/yannick-rochat/2017/04/11/aidez-oniri-islands-un-beau-jeu-collaboratif-en-pleine-recolte-de-fonds/,"[['Jeu collaboratif dont toute lâ€™action se fait par la manipulation de figurines sur la surface de lâ€™Ã©cran dâ€™une tablette, ', 'Oniri Islands', ' est un jeu en phase de rÃ©colte de fonds afin dâ€™assurer sa rÃ©alisation. Sur le principe du financement participatif, ', 'lâ€™argent est avancÃ© par les intÃ©ressÃ©-e-s sur le site Kickstarter', '. Les auteurs du jeu ne le toucheront que si un certain montant est atteint.'], ['DÃ©claration dâ€™intÃ©rÃªt : jâ€™ai moi-mÃªme versÃ© de lâ€™argent Ã  cette campagne ğŸ˜‰'], ['La rÃ©colte\xa0est trÃ¨s bien partie, et\xa0il est rÃ©jouissant de voir tout cet\xa0engouement pour un\xa0jeu Ã  lâ€™interface originale mettant en avant la collaboration.'], ['Nâ€™hÃ©sitez pas Ã \xa0aller voir les options offertes sur leur page Kickstarter et, Ã©ventuellement, Ã  aider le jeu !'], ['Vous trouverez ci-dessous une interview de Marion Bareil, co-auteure, puis\xa0tout en bas son interview avec StÃ©phane Laurenceau le 8 avril 2017 dans lâ€™Ã©mission\xa0', 'Point Barre', ' de Couleur 3.'], [' ', '(suiteâ€¦)'], ['Lire la suite']]"
21,"Une interview avec Fabian Rastorfer, co-auteur de Slime-san (sortie le 7 avril)",2017-04-09T09:15:37+01:00,0,https://blogs.letemps.ch/yannick-rochat/2017/04/09/une-interview-avec-fabian-rastorfer-co-auteur-de-slime-san-sortie-le-7-avril/,"[['Jeu collaboratif dont toute lâ€™action se fait par la manipulation de figurines sur la surface de lâ€™Ã©cran dâ€™une tablette, ', 'Oniri Islands', ' est un jeu en phase de rÃ©colte de fonds afin dâ€™assurer sa rÃ©alisation. Sur le principe du financement participatif, ', 'lâ€™argent est avancÃ© par les intÃ©ressÃ©-e-s sur le site Kickstarter', '. Les auteurs du jeu ne le toucheront que si un certain montant est atteint.'], ['DÃ©claration dâ€™intÃ©rÃªt : jâ€™ai moi-mÃªme versÃ© de lâ€™argent Ã  cette campagne ğŸ˜‰'], ['La rÃ©colte\xa0est trÃ¨s bien partie, et\xa0il est rÃ©jouissant de voir tout cet\xa0engouement pour un\xa0jeu Ã  lâ€™interface originale mettant en avant la collaboration.'], ['Nâ€™hÃ©sitez pas Ã \xa0aller voir les options offertes sur leur page Kickstarter et, Ã©ventuellement, Ã  aider le jeu !'], ['Vous trouverez ci-dessous une interview de Marion Bareil, co-auteure, puis\xa0tout en bas son interview avec StÃ©phane Laurenceau le 8 avril 2017 dans lâ€™Ã©mission\xa0', 'Point Barre', ' de Couleur 3.'], [' ', '(suiteâ€¦)'], ['Lire la suite']]"
22,"An interview with Fabian Rastorfer, co-author of Slime-san (out on April 7)",2017-04-07T16:25:07+01:00,0,https://blogs.letemps.ch/yannick-rochat/2017/04/07/an-interview-with-fabian-rastorfer-co-author-of-slime-san-out-on-april-7/,"[['Jeu collaboratif dont toute lâ€™action se fait par la manipulation de figurines sur la surface de lâ€™Ã©cran dâ€™une tablette, ', 'Oniri Islands', ' est un jeu en phase de rÃ©colte de fonds afin dâ€™assurer sa rÃ©alisation. Sur le principe du financement participatif, ', 'lâ€™argent est avancÃ© par les intÃ©ressÃ©-e-s sur le site Kickstarter', '. Les auteurs du jeu ne le toucheront que si un certain montant est atteint.'], ['DÃ©claration dâ€™intÃ©rÃªt : jâ€™ai moi-mÃªme versÃ© de lâ€™argent Ã  cette campagne ğŸ˜‰'], ['La rÃ©colte\xa0est trÃ¨s bien partie, et\xa0il est rÃ©jouissant de voir tout cet\xa0engouement pour un\xa0jeu Ã  lâ€™interface originale mettant en avant la collaboration.'], ['Nâ€™hÃ©sitez pas Ã \xa0aller voir les options offertes sur leur page Kickstarter et, Ã©ventuellement, Ã  aider le jeu !'], ['Vous trouverez ci-dessous une interview de Marion Bareil, co-auteure, puis\xa0tout en bas son interview avec StÃ©phane Laurenceau le 8 avril 2017 dans lâ€™Ã©mission\xa0', 'Point Barre', ' de Couleur 3.'], [' ', '(suiteâ€¦)'], ['Lire la suite']]"
23,"Les jeux suisses Ã  la Â« Game Developers Conference 2017 Â», troisiÃ¨me partie",2017-04-02T02:02:03+01:00,0,https://blogs.letemps.ch/yannick-rochat/2017/04/02/les-jeux-suisses-a-la-game-developers-conference-2017-troisieme-partie/,"[['Jeu collaboratif dont toute lâ€™action se fait par la manipulation de figurines sur la surface de lâ€™Ã©cran dâ€™une tablette, ', 'Oniri Islands', ' est un jeu en phase de rÃ©colte de fonds afin dâ€™assurer sa rÃ©alisation. Sur le principe du financement participatif, ', 'lâ€™argent est avancÃ© par les intÃ©ressÃ©-e-s sur le site Kickstarter', '. Les auteurs du jeu ne le toucheront que si un certain montant est atteint.'], ['DÃ©claration dâ€™intÃ©rÃªt : jâ€™ai moi-mÃªme versÃ© de lâ€™argent Ã  cette campagne ğŸ˜‰'], ['La rÃ©colte\xa0est trÃ¨s bien partie, et\xa0il est rÃ©jouissant de voir tout cet\xa0engouement pour un\xa0jeu Ã  lâ€™interface originale mettant en avant la collaboration.'], ['Nâ€™hÃ©sitez pas Ã \xa0aller voir les options offertes sur leur page Kickstarter et, Ã©ventuellement, Ã  aider le jeu !'], ['Vous trouverez ci-dessous une interview de Marion Bareil, co-auteure, puis\xa0tout en bas son interview avec StÃ©phane Laurenceau le 8 avril 2017 dans lâ€™Ã©mission\xa0', 'Point Barre', ' de Couleur 3.'], [' ', '(suiteâ€¦)'], ['Lire la suite']]"
24,"Les jeux suisses Ã  la Â« Game Developers Conference 2017 Â», seconde partie",2017-03-06T01:22:28+01:00,0,https://blogs.letemps.ch/yannick-rochat/2017/03/06/les-jeux-suisses-a-la-game-developers-conference-2017-seconde-partie/,"[['Jeu collaboratif dont toute lâ€™action se fait par la manipulation de figurines sur la surface de lâ€™Ã©cran dâ€™une tablette, ', 'Oniri Islands', ' est un jeu en phase de rÃ©colte de fonds afin dâ€™assurer sa rÃ©alisation. Sur le principe du financement participatif, ', 'lâ€™argent est avancÃ© par les intÃ©ressÃ©-e-s sur le site Kickstarter', '. Les auteurs du jeu ne le toucheront que si un certain montant est atteint.'], ['DÃ©claration dâ€™intÃ©rÃªt : jâ€™ai moi-mÃªme versÃ© de lâ€™argent Ã  cette campagne ğŸ˜‰'], ['La rÃ©colte\xa0est trÃ¨s bien partie, et\xa0il est rÃ©jouissant de voir tout cet\xa0engouement pour un\xa0jeu Ã  lâ€™interface originale mettant en avant la collaboration.'], ['Nâ€™hÃ©sitez pas Ã \xa0aller voir les options offertes sur leur page Kickstarter et, Ã©ventuellement, Ã  aider le jeu !'], ['Vous trouverez ci-dessous une interview de Marion Bareil, co-auteure, puis\xa0tout en bas son interview avec StÃ©phane Laurenceau le 8 avril 2017 dans lâ€™Ã©mission\xa0', 'Point Barre', ' de Couleur 3.'], [' ', '(suiteâ€¦)'], ['Lire la suite']]"
25,"Les jeux suisses Ã  la Â« Game Developers Conference 2017 Â», premiÃ¨re partie",2017-03-01T19:18:24+01:00,0,https://blogs.letemps.ch/yannick-rochat/2017/03/01/les-jeux-suisses-a-la-game-developers-conference-2017-premiere-partie/,"[['Jeu collaboratif dont toute lâ€™action se fait par la manipulation de figurines sur la surface de lâ€™Ã©cran dâ€™une tablette, ', 'Oniri Islands', ' est un jeu en phase de rÃ©colte de fonds afin dâ€™assurer sa rÃ©alisation. Sur le principe du financement participatif, ', 'lâ€™argent est avancÃ© par les intÃ©ressÃ©-e-s sur le site Kickstarter', '. Les auteurs du jeu ne le toucheront que si un certain montant est atteint.'], ['DÃ©claration dâ€™intÃ©rÃªt : jâ€™ai moi-mÃªme versÃ© de lâ€™argent Ã  cette campagne ğŸ˜‰'], ['La rÃ©colte\xa0est trÃ¨s bien partie, et\xa0il est rÃ©jouissant de voir tout cet\xa0engouement pour un\xa0jeu Ã  lâ€™interface originale mettant en avant la collaboration.'], ['Nâ€™hÃ©sitez pas Ã \xa0aller voir les options offertes sur leur page Kickstarter et, Ã©ventuellement, Ã  aider le jeu !'], ['Vous trouverez ci-dessous une interview de Marion Bareil, co-auteure, puis\xa0tout en bas son interview avec StÃ©phane Laurenceau le 8 avril 2017 dans lâ€™Ã©mission\xa0', 'Point Barre', ' de Couleur 3.'], [' ', '(suiteâ€¦)'], ['Lire la suite']]"
26,Une annÃ©e de jeux vidÃ©o sur ce blog !,2017-02-26T03:11:28+01:00,1,https://blogs.letemps.ch/yannick-rochat/2017/02/26/une-annee-de-jeux-video-sur-ce-blog/,"[['Jeu collaboratif dont toute lâ€™action se fait par la manipulation de figurines sur la surface de lâ€™Ã©cran dâ€™une tablette, ', 'Oniri Islands', ' est un jeu en phase de rÃ©colte de fonds afin dâ€™assurer sa rÃ©alisation. Sur le principe du financement participatif, ', 'lâ€™argent est avancÃ© par les intÃ©ressÃ©-e-s sur le site Kickstarter', '. Les auteurs du jeu ne le toucheront que si un certain montant est atteint.'], ['DÃ©claration dâ€™intÃ©rÃªt : jâ€™ai moi-mÃªme versÃ© de lâ€™argent Ã  cette campagne ğŸ˜‰'], ['La rÃ©colte\xa0est trÃ¨s bien partie, et\xa0il est rÃ©jouissant de voir tout cet\xa0engouement pour un\xa0jeu Ã  lâ€™interface originale mettant en avant la collaboration.'], ['Nâ€™hÃ©sitez pas Ã \xa0aller voir les options offertes sur leur page Kickstarter et, Ã©ventuellement, Ã  aider le jeu !'], ['Vous trouverez ci-dessous une interview de Marion Bareil, co-auteure, puis\xa0tout en bas son interview avec StÃ©phane Laurenceau le 8 avril 2017 dans lâ€™Ã©mission\xa0', 'Point Barre', ' de Couleur 3.'], [' ', '(suiteâ€¦)'], ['Lire la suite']]"
27,Pour lâ€™accÃ¨s Ã  une culture gÃ©nÃ©rale numÃ©rique,2016-11-15T00:30:50+01:00,5,https://blogs.letemps.ch/yannick-rochat/2016/11/15/pour-lacces-a-une-culture-generale-numerique/,"[['Jeu collaboratif dont toute lâ€™action se fait par la manipulation de figurines sur la surface de lâ€™Ã©cran dâ€™une tablette, ', 'Oniri Islands', ' est un jeu en phase de rÃ©colte de fonds afin dâ€™assurer sa rÃ©alisation. Sur le principe du financement participatif, ', 'lâ€™argent est avancÃ© par les intÃ©ressÃ©-e-s sur le site Kickstarter', '. Les auteurs du jeu ne le toucheront que si un certain montant est atteint.'], ['DÃ©claration dâ€™intÃ©rÃªt : jâ€™ai moi-mÃªme versÃ© de lâ€™argent Ã  cette campagne ğŸ˜‰'], ['La rÃ©colte\xa0est trÃ¨s bien partie, et\xa0il est rÃ©jouissant de voir tout cet\xa0engouement pour un\xa0jeu Ã  lâ€™interface originale mettant en avant la collaboration.'], ['Nâ€™hÃ©sitez pas Ã \xa0aller voir les options offertes sur leur page Kickstarter et, Ã©ventuellement, Ã  aider le jeu !'], ['Vous trouverez ci-dessous une interview de Marion Bareil, co-auteure, puis\xa0tout en bas son interview avec StÃ©phane Laurenceau le 8 avril 2017 dans lâ€™Ã©mission\xa0', 'Point Barre', ' de Couleur 3.'], [' ', '(suiteâ€¦)'], ['Lire la suite']]"
28,Peut-on diffÃ©rencier deux tests de FIFA ?,2016-10-05T05:05:24+01:00,0,https://blogs.letemps.ch/yannick-rochat/2016/10/05/peut-on-differencier-deux-tests-de-fifa/,"[['Jeu collaboratif dont toute lâ€™action se fait par la manipulation de figurines sur la surface de lâ€™Ã©cran dâ€™une tablette, ', 'Oniri Islands', ' est un jeu en phase de rÃ©colte de fonds afin dâ€™assurer sa rÃ©alisation. Sur le principe du financement participatif, ', 'lâ€™argent est avancÃ© par les intÃ©ressÃ©-e-s sur le site Kickstarter', '. Les auteurs du jeu ne le toucheront que si un certain montant est atteint.'], ['DÃ©claration dâ€™intÃ©rÃªt : jâ€™ai moi-mÃªme versÃ© de lâ€™argent Ã  cette campagne ğŸ˜‰'], ['La rÃ©colte\xa0est trÃ¨s bien partie, et\xa0il est rÃ©jouissant de voir tout cet\xa0engouement pour un\xa0jeu Ã  lâ€™interface originale mettant en avant la collaboration.'], ['Nâ€™hÃ©sitez pas Ã \xa0aller voir les options offertes sur leur page Kickstarter et, Ã©ventuellement, Ã  aider le jeu !'], ['Vous trouverez ci-dessous une interview de Marion Bareil, co-auteure, puis\xa0tout en bas son interview avec StÃ©phane Laurenceau le 8 avril 2017 dans lâ€™Ã©mission\xa0', 'Point Barre', ' de Couleur 3.'], [' ', '(suiteâ€¦)'], ['Lire la suite']]"
29,Boss Fight Books : de beaux livres pour parler de jeux,2016-09-27T23:11:36+01:00,0,https://blogs.letemps.ch/yannick-rochat/2016/09/27/621/,"[['Jeu collaboratif dont toute lâ€™action se fait par la manipulation de figurines sur la surface de lâ€™Ã©cran dâ€™une tablette, ', 'Oniri Islands', ' est un jeu en phase de rÃ©colte de fonds afin dâ€™assurer sa rÃ©alisation. Sur le principe du financement participatif, ', 'lâ€™argent est avancÃ© par les intÃ©ressÃ©-e-s sur le site Kickstarter', '. Les auteurs du jeu ne le toucheront que si un certain montant est atteint.'], ['DÃ©claration dâ€™intÃ©rÃªt : jâ€™ai moi-mÃªme versÃ© de lâ€™argent Ã  cette campagne ğŸ˜‰'], ['La rÃ©colte\xa0est trÃ¨s bien partie, et\xa0il est rÃ©jouissant de voir tout cet\xa0engouement pour un\xa0jeu Ã  lâ€™interface originale mettant en avant la collaboration.'], ['Nâ€™hÃ©sitez pas Ã \xa0aller voir les options offertes sur leur page Kickstarter et, Ã©ventuellement, Ã  aider le jeu !'], ['Vous trouverez ci-dessous une interview de Marion Bareil, co-auteure, puis\xa0tout en bas son interview avec StÃ©phane Laurenceau le 8 avril 2017 dans lâ€™Ã©mission\xa0', 'Point Barre', ' de Couleur 3.'], [' ', '(suiteâ€¦)'], ['Lire la suite']]"
30,Numerik Games: 10 raisons de ne pas passer Ã  cÃ´tÃ©,2016-09-01T16:03:30+01:00,0,https://blogs.letemps.ch/yannick-rochat/2016/09/01/numerik-games-10-raisons-de-ne-pas-passer-a-cote/,"[['Du 2 au 4 septembre se dÃ©roulera Ã  Yverdon un festival â€“ Â« ', 'Numerik Games', ' Â» â€“ consacrÃ© aux arts numÃ©riques sous de trÃ¨s nombreuses formes : jeux vidÃ©o rÃ©cents et anciens, concours de cosplay, musique live, artistes rÃ©alisant des esquisses en live, ateliers dâ€™initiation Ã  lâ€™e-sport, ateliers de programmation, etc. Les organisateurs visent un public le plus large possible : joueurs comme non-joueurs, familles, enfants et adultes, Ã©rudits du jeu vidÃ©o comme simple curieux, nostalgiques, etc. Leur ambition est de permettre de dÃ©couvrir nombre des effets dâ€™une rÃ©volution numÃ©rique initiÃ©e Ã  la fin du vingtiÃ¨me siÃ¨cle, sur notre quotidien et en particulier sur notre culture. ', '(suiteâ€¦)'], ['Lire la suite']]"
31,[2/3] Les jeux de lâ€™ECAL prÃ©sentÃ©s Ã  la GamesCom,2016-09-01T09:23:01+01:00,0,https://blogs.letemps.ch/yannick-rochat/2016/09/01/23-les-jeux-de-lecal-presentes-a-la-gamescom/,"[['Du 2 au 4 septembre se dÃ©roulera Ã  Yverdon un festival â€“ Â« ', 'Numerik Games', ' Â» â€“ consacrÃ© aux arts numÃ©riques sous de trÃ¨s nombreuses formes : jeux vidÃ©o rÃ©cents et anciens, concours de cosplay, musique live, artistes rÃ©alisant des esquisses en live, ateliers dâ€™initiation Ã  lâ€™e-sport, ateliers de programmation, etc. Les organisateurs visent un public le plus large possible : joueurs comme non-joueurs, familles, enfants et adultes, Ã©rudits du jeu vidÃ©o comme simple curieux, nostalgiques, etc. Leur ambition est de permettre de dÃ©couvrir nombre des effets dâ€™une rÃ©volution numÃ©rique initiÃ©e Ã  la fin du vingtiÃ¨me siÃ¨cle, sur notre quotidien et en particulier sur notre culture. ', '(suiteâ€¦)'], ['Lire la suite']]"
32,[1/3] Les jeux de la HEAD prÃ©sentÃ©s Ã  la GamesCom,2016-08-29T23:28:55+01:00,0,https://blogs.letemps.ch/yannick-rochat/2016/08/29/13-les-jeux-de-la-head-presentes-a-la-gamescom/,"[['Du 2 au 4 septembre se dÃ©roulera Ã  Yverdon un festival â€“ Â« ', 'Numerik Games', ' Â» â€“ consacrÃ© aux arts numÃ©riques sous de trÃ¨s nombreuses formes : jeux vidÃ©o rÃ©cents et anciens, concours de cosplay, musique live, artistes rÃ©alisant des esquisses en live, ateliers dâ€™initiation Ã  lâ€™e-sport, ateliers de programmation, etc. Les organisateurs visent un public le plus large possible : joueurs comme non-joueurs, familles, enfants et adultes, Ã©rudits du jeu vidÃ©o comme simple curieux, nostalgiques, etc. Leur ambition est de permettre de dÃ©couvrir nombre des effets dâ€™une rÃ©volution numÃ©rique initiÃ©e Ã  la fin du vingtiÃ¨me siÃ¨cle, sur notre quotidien et en particulier sur notre culture. ', '(suiteâ€¦)'], ['Lire la suite']]"
33,Comment la Suisse soutient le jeu vidÃ©o,2016-08-24T15:41:15+01:00,0,https://blogs.letemps.ch/yannick-rochat/2016/08/24/comment-la-suisse-soutient-le-jeu-video/,"[['Du 2 au 4 septembre se dÃ©roulera Ã  Yverdon un festival â€“ Â« ', 'Numerik Games', ' Â» â€“ consacrÃ© aux arts numÃ©riques sous de trÃ¨s nombreuses formes : jeux vidÃ©o rÃ©cents et anciens, concours de cosplay, musique live, artistes rÃ©alisant des esquisses en live, ateliers dâ€™initiation Ã  lâ€™e-sport, ateliers de programmation, etc. Les organisateurs visent un public le plus large possible : joueurs comme non-joueurs, familles, enfants et adultes, Ã©rudits du jeu vidÃ©o comme simple curieux, nostalgiques, etc. Leur ambition est de permettre de dÃ©couvrir nombre des effets dâ€™une rÃ©volution numÃ©rique initiÃ©e Ã  la fin du vingtiÃ¨me siÃ¨cle, sur notre quotidien et en particulier sur notre culture. ', '(suiteâ€¦)'], ['Lire la suite']]"
34,GamesCom Jour 1,2016-08-17T10:33:45+01:00,0,https://blogs.letemps.ch/yannick-rochat/2016/08/17/gamescom-jour-1/,"[['Du 2 au 4 septembre se dÃ©roulera Ã  Yverdon un festival â€“ Â« ', 'Numerik Games', ' Â» â€“ consacrÃ© aux arts numÃ©riques sous de trÃ¨s nombreuses formes : jeux vidÃ©o rÃ©cents et anciens, concours de cosplay, musique live, artistes rÃ©alisant des esquisses en live, ateliers dâ€™initiation Ã  lâ€™e-sport, ateliers de programmation, etc. Les organisateurs visent un public le plus large possible : joueurs comme non-joueurs, familles, enfants et adultes, Ã©rudits du jeu vidÃ©o comme simple curieux, nostalgiques, etc. Leur ambition est de permettre de dÃ©couvrir nombre des effets dâ€™une rÃ©volution numÃ©rique initiÃ©e Ã  la fin du vingtiÃ¨me siÃ¨cle, sur notre quotidien et en particulier sur notre culture. ', '(suiteâ€¦)'], ['Lire la suite']]"
35,Â«Lâ€™histoire de Mario (vol. 1)Â» de William Audureau,2016-08-12T10:44:54+01:00,0,https://blogs.letemps.ch/yannick-rochat/2016/08/12/lhistoire-de-mario-vol-1-de-william-audureau/,"[['Du 2 au 4 septembre se dÃ©roulera Ã  Yverdon un festival â€“ Â« ', 'Numerik Games', ' Â» â€“ consacrÃ© aux arts numÃ©riques sous de trÃ¨s nombreuses formes : jeux vidÃ©o rÃ©cents et anciens, concours de cosplay, musique live, artistes rÃ©alisant des esquisses en live, ateliers dâ€™initiation Ã  lâ€™e-sport, ateliers de programmation, etc. Les organisateurs visent un public le plus large possible : joueurs comme non-joueurs, familles, enfants et adultes, Ã©rudits du jeu vidÃ©o comme simple curieux, nostalgiques, etc. Leur ambition est de permettre de dÃ©couvrir nombre des effets dâ€™une rÃ©volution numÃ©rique initiÃ©e Ã  la fin du vingtiÃ¨me siÃ¨cle, sur notre quotidien et en particulier sur notre culture. ', '(suiteâ€¦)'], ['Lire la suite']]"
36,Â«Masters of DoomÂ»,2016-08-08T22:30:37+01:00,0,https://blogs.letemps.ch/yannick-rochat/2016/08/08/masters-of-doom/,"[['Du 2 au 4 septembre se dÃ©roulera Ã  Yverdon un festival â€“ Â« ', 'Numerik Games', ' Â» â€“ consacrÃ© aux arts numÃ©riques sous de trÃ¨s nombreuses formes : jeux vidÃ©o rÃ©cents et anciens, concours de cosplay, musique live, artistes rÃ©alisant des esquisses en live, ateliers dâ€™initiation Ã  lâ€™e-sport, ateliers de programmation, etc. Les organisateurs visent un public le plus large possible : joueurs comme non-joueurs, familles, enfants et adultes, Ã©rudits du jeu vidÃ©o comme simple curieux, nostalgiques, etc. Leur ambition est de permettre de dÃ©couvrir nombre des effets dâ€™une rÃ©volution numÃ©rique initiÃ©e Ã  la fin du vingtiÃ¨me siÃ¨cle, sur notre quotidien et en particulier sur notre culture. ', '(suiteâ€¦)'], ['Lire la suite']]"
37,Que cesse la stigmatisation du jeu vidÃ©o (premiÃ¨re partie),2016-06-27T01:18:50+01:00,2,https://blogs.letemps.ch/yannick-rochat/2016/06/27/que-cesse-la-stigmatisation-du-jeu-video-premiere-partie/,"[['Du 2 au 4 septembre se dÃ©roulera Ã  Yverdon un festival â€“ Â« ', 'Numerik Games', ' Â» â€“ consacrÃ© aux arts numÃ©riques sous de trÃ¨s nombreuses formes : jeux vidÃ©o rÃ©cents et anciens, concours de cosplay, musique live, artistes rÃ©alisant des esquisses en live, ateliers dâ€™initiation Ã  lâ€™e-sport, ateliers de programmation, etc. Les organisateurs visent un public le plus large possible : joueurs comme non-joueurs, familles, enfants et adultes, Ã©rudits du jeu vidÃ©o comme simple curieux, nostalgiques, etc. Leur ambition est de permettre de dÃ©couvrir nombre des effets dâ€™une rÃ©volution numÃ©rique initiÃ©e Ã  la fin du vingtiÃ¨me siÃ¨cle, sur notre quotidien et en particulier sur notre culture. ', '(suiteâ€¦)'], ['Lire la suite']]"
38,Entretien avec Bastien VivÃ¨s au Stunfest 2016,2016-05-24T14:26:33+01:00,1,https://blogs.letemps.ch/yannick-rochat/2016/05/24/entretien-avec-bastien-vives-au-stunfest-2016/,"[['Du 2 au 4 septembre se dÃ©roulera Ã  Yverdon un festival â€“ Â« ', 'Numerik Games', ' Â» â€“ consacrÃ© aux arts numÃ©riques sous de trÃ¨s nombreuses formes : jeux vidÃ©o rÃ©cents et anciens, concours de cosplay, musique live, artistes rÃ©alisant des esquisses en live, ateliers dâ€™initiation Ã  lâ€™e-sport, ateliers de programmation, etc. Les organisateurs visent un public le plus large possible : joueurs comme non-joueurs, familles, enfants et adultes, Ã©rudits du jeu vidÃ©o comme simple curieux, nostalgiques, etc. Leur ambition est de permettre de dÃ©couvrir nombre des effets dâ€™une rÃ©volution numÃ©rique initiÃ©e Ã  la fin du vingtiÃ¨me siÃ¨cle, sur notre quotidien et en particulier sur notre culture. ', '(suiteâ€¦)'], ['Lire la suite']]"
39,"Entretien avec Wuthrer, auteur de Â«Donâ€™t Kill HerÂ»",2016-05-18T10:14:29+01:00,1,https://blogs.letemps.ch/yannick-rochat/2016/05/18/entretien-avec-wuthrer-auteur-de-dont-kill-her/,"[['Du 2 au 4 septembre se dÃ©roulera Ã  Yverdon un festival â€“ Â« ', 'Numerik Games', ' Â» â€“ consacrÃ© aux arts numÃ©riques sous de trÃ¨s nombreuses formes : jeux vidÃ©o rÃ©cents et anciens, concours de cosplay, musique live, artistes rÃ©alisant des esquisses en live, ateliers dâ€™initiation Ã  lâ€™e-sport, ateliers de programmation, etc. Les organisateurs visent un public le plus large possible : joueurs comme non-joueurs, familles, enfants et adultes, Ã©rudits du jeu vidÃ©o comme simple curieux, nostalgiques, etc. Leur ambition est de permettre de dÃ©couvrir nombre des effets dâ€™une rÃ©volution numÃ©rique initiÃ©e Ã  la fin du vingtiÃ¨me siÃ¨cle, sur notre quotidien et en particulier sur notre culture. ', '(suiteâ€¦)'], ['Lire la suite']]"
40,Interview : The Secret History of Mac Gaming,2016-05-16T19:24:09+01:00,1,https://blogs.letemps.ch/yannick-rochat/2016/05/16/interview-the-secret-history-of-mac-gaming/,"[['Richard Moss\xa0writes about video games', ',\xa0actual and old (among many topics). In particular, he is\xa0documenting the underrated historical importance of the numerous games that were\xa0available for\xa0Mac computers in the 1980s, 1990s and early 2000s.\xa0At the moment, Richard is\xa0running\xa0', 'a crowdfunding campaign to turn this project into a book', '.'], ['My father was a teacher. I started playing video games with the games he\xa0copied at\xa0school, just for me, from other teachersâ€™ floppy disks, and Dark Castle and Stuntcopter\xa0are some of\xa0the oldest video games I can remember playing.\xa0This topic is very\xa0sensitive to me,\xa0so after backing the project, I contacted Richard, who accepted to answer a few questions for this blog.'], ['I hope you will have as much pleasure\xa0as I had reading his answers below. And if it\xa0is the case, maybe you will want to have a look at his\xa0crowdfunding projet :\xa0', 'The Secret History of Mac Gaming', '.', '\n ', '(suiteâ€¦)'], ['Lire la suite']]"
41,Entretien avec Jean-Philippe Biscay,2016-04-29T02:41:03+01:00,1,https://blogs.letemps.ch/yannick-rochat/2016/04/29/entretien-avec-jean-philippe-biscay/,"[['Richard Moss\xa0writes about video games', ',\xa0actual and old (among many topics). In particular, he is\xa0documenting the underrated historical importance of the numerous games that were\xa0available for\xa0Mac computers in the 1980s, 1990s and early 2000s.\xa0At the moment, Richard is\xa0running\xa0', 'a crowdfunding campaign to turn this project into a book', '.'], ['My father was a teacher. I started playing video games with the games he\xa0copied at\xa0school, just for me, from other teachersâ€™ floppy disks, and Dark Castle and Stuntcopter\xa0are some of\xa0the oldest video games I can remember playing.\xa0This topic is very\xa0sensitive to me,\xa0so after backing the project, I contacted Richard, who accepted to answer a few questions for this blog.'], ['I hope you will have as much pleasure\xa0as I had reading his answers below. And if it\xa0is the case, maybe you will want to have a look at his\xa0crowdfunding projet :\xa0', 'The Secret History of Mac Gaming', '.', '\n ', '(suiteâ€¦)'], ['Lire la suite']]"
42,TIS-100 : lâ€™assembleur est une fÃªte (premiÃ¨re partie),2016-04-05T16:05:58+01:00,2,https://blogs.letemps.ch/yannick-rochat/2016/04/05/tis-100-lassembleur-est-une-fete-premiere-partie/,"[['Richard Moss\xa0writes about video games', ',\xa0actual and old (among many topics). In particular, he is\xa0documenting the underrated historical importance of the numerous games that were\xa0available for\xa0Mac computers in the 1980s, 1990s and early 2000s.\xa0At the moment, Richard is\xa0running\xa0', 'a crowdfunding campaign to turn this project into a book', '.'], ['My father was a teacher. I started playing video games with the games he\xa0copied at\xa0school, just for me, from other teachersâ€™ floppy disks, and Dark Castle and Stuntcopter\xa0are some of\xa0the oldest video games I can remember playing.\xa0This topic is very\xa0sensitive to me,\xa0so after backing the project, I contacted Richard, who accepted to answer a few questions for this blog.'], ['I hope you will have as much pleasure\xa0as I had reading his answers below. And if it\xa0is the case, maybe you will want to have a look at his\xa0crowdfunding projet :\xa0', 'The Secret History of Mac Gaming', '.', '\n ', '(suiteâ€¦)'], ['Lire la suite']]"
43,Coder dans un jeu vidÃ©o,2016-03-21T04:27:47+01:00,0,https://blogs.letemps.ch/yannick-rochat/2016/03/21/coder-dans-un-jeu-video/,"[['Richard Moss\xa0writes about video games', ',\xa0actual and old (among many topics). In particular, he is\xa0documenting the underrated historical importance of the numerous games that were\xa0available for\xa0Mac computers in the 1980s, 1990s and early 2000s.\xa0At the moment, Richard is\xa0running\xa0', 'a crowdfunding campaign to turn this project into a book', '.'], ['My father was a teacher. I started playing video games with the games he\xa0copied at\xa0school, just for me, from other teachersâ€™ floppy disks, and Dark Castle and Stuntcopter\xa0are some of\xa0the oldest video games I can remember playing.\xa0This topic is very\xa0sensitive to me,\xa0so after backing the project, I contacted Richard, who accepted to answer a few questions for this blog.'], ['I hope you will have as much pleasure\xa0as I had reading his answers below. And if it\xa0is the case, maybe you will want to have a look at his\xa0crowdfunding projet :\xa0', 'The Secret History of Mac Gaming', '.', '\n ', '(suiteâ€¦)'], ['Lire la suite']]"
44,Entretien avec Mathieu Triclot,2016-03-14T13:01:06+01:00,0,https://blogs.letemps.ch/yannick-rochat/2016/03/14/entretien-avec-mathieu-triclot/,"[['Richard Moss\xa0writes about video games', ',\xa0actual and old (among many topics). In particular, he is\xa0documenting the underrated historical importance of the numerous games that were\xa0available for\xa0Mac computers in the 1980s, 1990s and early 2000s.\xa0At the moment, Richard is\xa0running\xa0', 'a crowdfunding campaign to turn this project into a book', '.'], ['My father was a teacher. I started playing video games with the games he\xa0copied at\xa0school, just for me, from other teachersâ€™ floppy disks, and Dark Castle and Stuntcopter\xa0are some of\xa0the oldest video games I can remember playing.\xa0This topic is very\xa0sensitive to me,\xa0so after backing the project, I contacted Richard, who accepted to answer a few questions for this blog.'], ['I hope you will have as much pleasure\xa0as I had reading his answers below. And if it\xa0is the case, maybe you will want to have a look at his\xa0crowdfunding projet :\xa0', 'The Secret History of Mac Gaming', '.', '\n ', '(suiteâ€¦)'], ['Lire la suite']]"
45,"Mata Hari, lâ€™Â«action girlÂ» au secours du Â«damoiseau en dÃ©tresseÂ»",2016-03-07T08:18:57+01:00,0,https://blogs.letemps.ch/yannick-rochat/2016/03/07/mata-hari-laction-girl-au-secours-du-damoiseau-en-detresse/,"[['Richard Moss\xa0writes about video games', ',\xa0actual and old (among many topics). In particular, he is\xa0documenting the underrated historical importance of the numerous games that were\xa0available for\xa0Mac computers in the 1980s, 1990s and early 2000s.\xa0At the moment, Richard is\xa0running\xa0', 'a crowdfunding campaign to turn this project into a book', '.'], ['My father was a teacher. I started playing video games with the games he\xa0copied at\xa0school, just for me, from other teachersâ€™ floppy disks, and Dark Castle and Stuntcopter\xa0are some of\xa0the oldest video games I can remember playing.\xa0This topic is very\xa0sensitive to me,\xa0so after backing the project, I contacted Richard, who accepted to answer a few questions for this blog.'], ['I hope you will have as much pleasure\xa0as I had reading his answers below. And if it\xa0is the case, maybe you will want to have a look at his\xa0crowdfunding projet :\xa0', 'The Secret History of Mac Gaming', '.', '\n ', '(suiteâ€¦)'], ['Lire la suite']]"
46,Un bundle de livres sur les jeux vidÃ©o,2016-02-29T11:05:23+01:00,0,https://blogs.letemps.ch/yannick-rochat/2016/02/29/un-bundle-de-livres-sur-les-jeux-video/,"[['Richard Moss\xa0writes about video games', ',\xa0actual and old (among many topics). In particular, he is\xa0documenting the underrated historical importance of the numerous games that were\xa0available for\xa0Mac computers in the 1980s, 1990s and early 2000s.\xa0At the moment, Richard is\xa0running\xa0', 'a crowdfunding campaign to turn this project into a book', '.'], ['My father was a teacher. I started playing video games with the games he\xa0copied at\xa0school, just for me, from other teachersâ€™ floppy disks, and Dark Castle and Stuntcopter\xa0are some of\xa0the oldest video games I can remember playing.\xa0This topic is very\xa0sensitive to me,\xa0so after backing the project, I contacted Richard, who accepted to answer a few questions for this blog.'], ['I hope you will have as much pleasure\xa0as I had reading his answers below. And if it\xa0is the case, maybe you will want to have a look at his\xa0crowdfunding projet :\xa0', 'The Secret History of Mac Gaming', '.', '\n ', '(suiteâ€¦)'], ['Lire la suite']]"
47,Pourquoi parler des jeux vidÃ©o,2016-02-26T00:12:37+01:00,0,https://blogs.letemps.ch/yannick-rochat/2016/02/26/pourquoi-parler-des-jeux-video/,"[['Richard Moss\xa0writes about video games', ',\xa0actual and old (among many topics). In particular, he is\xa0documenting the underrated historical importance of the numerous games that were\xa0available for\xa0Mac computers in the 1980s, 1990s and early 2000s.\xa0At the moment, Richard is\xa0running\xa0', 'a crowdfunding campaign to turn this project into a book', '.'], ['My father was a teacher. I started playing video games with the games he\xa0copied at\xa0school, just for me, from other teachersâ€™ floppy disks, and Dark Castle and Stuntcopter\xa0are some of\xa0the oldest video games I can remember playing.\xa0This topic is very\xa0sensitive to me,\xa0so after backing the project, I contacted Richard, who accepted to answer a few questions for this blog.'], ['I hope you will have as much pleasure\xa0as I had reading his answers below. And if it\xa0is the case, maybe you will want to have a look at his\xa0crowdfunding projet :\xa0', 'The Secret History of Mac Gaming', '.', '\n ', '(suiteâ€¦)'], ['Lire la suite']]"
